"run_id","family","hypothesis","version","midgain_db","lower_cutoff_hz","upper_cutoff_hz","gain_at_10hz_relative_to_midband_db","gain_at_20khz_relative_to_midband_db","low_slope_1hz_10hz_db_dec","high_slope_100k_1meg_db_dec","passband_ripple_db","ac_nrmse","tran_nrmse","output_center","out_pp","worst_power_w","estimated_area_p","complexity_note","weighted_ac_nrmse","weighted_tran_nrmse","area_ratio_vs_current","power_ratio_vs_current","bandwidth_penalty","rolloff_penalty","low_frequency_shape_penalty","lf_rolloff_pressure_penalty","complexity_penalty","score","decision","notes","log_scan"
"run_009","low_frequency_rolloff_pressure","Push the existing input, interstage, and output coupling poles upward around the run-8 operating point to test whether stronger low-frequency rolloff can improve assignment alignment without collapsing overall relaxed PPA.","bjt2_autotopo_lfrp_rc125k_re4p05k_rb4p7m_cin33n_c12_33n_cout4p7n_ch27p_r11k_c180p_ft175k","40.059901","25.614263","20121.085569","-12.058938","-2.968435","51.6905","-83.5328","12.06099","0.111850652041","0.016904929325","2.49831","0.200837","6.231114024168e-5","9.005143e+7","no new passive topology; pressures the three existing high-pass coupling poles around the run-8 operating point","0.82050408","0.356138","0.49456414","0.95609657","0","0","3.01964603","0.08309504","0.02","5.75004387","rejected_score","valid under relaxed hard gates but lower ranked by transparent relaxed PPA score",""
"run_009","low_frequency_rolloff_pressure","Push the existing input, interstage, and output coupling poles upward around the run-8 operating point to test whether stronger low-frequency rolloff can improve assignment alignment without collapsing overall relaxed PPA.","bjt2_autotopo_lfrp_rc125k_re4p05k_rb4p7m_cin33n_c12_33n_cout4p7n_ch28p_r11k_c180p_ft175k","40.059665","25.613218","19844.884908","-12.058714","-3.040492","51.6905","-83.6901","12.06087","0.110020347396","0.017330130699","2.49831","0.200831","6.231114008699e-5","9.005387e+7","no new passive topology; pressures the three existing high-pass coupling poles around the run-8 operating point","0.80707749","0.36509577","0.49457755","0.95609657","0.03102302","0","3.01957137","0.08309515","0.02","5.77653692","rejected_score","valid under relaxed hard gates but lower ranked by transparent relaxed PPA score",""
"run_009","low_frequency_rolloff_pressure","Push the existing input, interstage, and output coupling poles upward around the run-8 operating point to test whether stronger low-frequency rolloff can improve assignment alignment without collapsing overall relaxed PPA.","bjt2_autotopo_lfrp_rc125k_re4p05k_rb4p7m_cin33n_c12_33n_cout6p8n_ch27p_r11k_c180p_ft175k","40.060009","24.886909","20120.700316","-11.30834","-2.968535","49.338","-83.5328","11.310491","0.113229011429","0.017578526886","2.498266","0.200815","6.231112259534e-5","9.261568e+7","no new passive topology; pressures the three existing high-pass coupling poles around the run-8 operating point","0.83061533","0.37032876","0.50864706","0.9560963","0","0","2.7694468","0.10662005","0.02","5.5617543","rejected_score","valid under relaxed hard gates but lower ranked by transparent relaxed PPA score",""
"run_009","low_frequency_rolloff_pressure","Push the existing input, interstage, and output coupling poles upward around the run-8 operating point to test whether stronger low-frequency rolloff can improve assignment alignment without collapsing overall relaxed PPA.","bjt2_autotopo_lfrp_rc125k_re4p05k_rb4p7m_cin33n_c12_33n_cout6p8n_ch28p_r11k_c180p_ft175k","40.059774","24.885879","19844.497116","-11.308117","-3.040593","49.338","-83.6901","11.310371","0.111421350373","0.018006201882","2.498266","0.200807","6.231112243326e-5","9.261812e+7","no new passive topology; pressures the three existing high-pass coupling poles around the run-8 operating point","0.81735485","0.37933863","0.50866048","0.9560963","0.03110058","0","2.76937223","0.10662016","0.02","5.58854323","rejected_score","valid under relaxed hard gates but lower ranked by transparent relaxed PPA score",""
"run_009","low_frequency_rolloff_pressure","Push the existing input, interstage, and output coupling poles upward around the run-8 operating point to test whether stronger low-frequency rolloff can improve assignment alignment without collapsing overall relaxed PPA.","bjt2_autotopo_lfrp_rc125k_re4p05k_rb4p7m_cin33n_c12_33n_cout10n_ch27p_r11k_c180p_ft175k","40.060064","24.506685","20120.50948","-10.885479","-2.968584","46.6361","-83.5328","10.887678","0.11494386566","0.0180698701","2.498183","0.200881","6.231108348435e-5","9.652311e+7","no new passive topology; pressures the three existing high-pass coupling poles around the run-8 operating point","0.843195","0.38067994","0.53010676","0.9560957","0","0","2.6284929","0.13363873","0.02","5.49220904","rejected_score","valid under relaxed hard gates but lower ranked by transparent relaxed PPA score",""
"run_009","low_frequency_rolloff_pressure","Push the existing input, interstage, and output coupling poles upward around the run-8 operating point to test whether stronger low-frequency rolloff can improve assignment alignment without collapsing overall relaxed PPA.","bjt2_autotopo_lfrp_rc125k_re4p05k_rb4p7m_cin33n_c12_33n_cout10n_ch28p_r11k_c180p_ft175k","40.059829","24.505639","19844.305313","-10.885255","-3.040642","46.6361","-83.6901","10.887558","0.113163600188","0.018499000298","2.498183","0.200873","6.231108332952e-5","9.652555e+7","no new passive topology; pressures the three existing high-pass coupling poles around the run-8 operating point","0.83013549","0.38972047","0.53012017","0.9560957","0.03113894","0","2.62841833","0.13363884","0.02","5.51926795","rejected_score","valid under relaxed hard gates but lower ranked by transparent relaxed PPA score",""
"run_009","low_frequency_rolloff_pressure","Push the existing input, interstage, and output coupling poles upward around the run-8 operating point to test whether stronger low-frequency rolloff can improve assignment alignment without collapsing overall relaxed PPA.","bjt2_autotopo_lfrp_rc125k_re4p05k_rb4p7m_cin33n_c12_47n_cout4p7n_ch27p_r11k_c180p_ft175k","40.060467","23.318725","20119.707172","-10.455734","-2.968793","50.251","-83.5328","10.458138","0.113117907303","0.018137806556","2.498342","0.200876","6.231184503585e-5","1.071464e+8","no new passive topology; pressures the three existing high-pass coupling poles around the run-8 operating point","0.8298003","0.38211117","0.5884503","0.95610739","0","0","2.48524477","0.09749024","0.02","5.35920416","rejected_score","valid under relaxed hard gates but lower ranked by transparent relaxed PPA score",""
"run_009","low_frequency_rolloff_pressure","Push the existing input, interstage, and output coupling poles upward around the run-8 operating point to test whether stronger low-frequency rolloff can improve assignment alignment without collapsing overall relaxed PPA.","bjt2_autotopo_lfrp_rc125k_re4p05k_rb4p7m_cin33n_c12_47n_cout4p7n_ch28p_r11k_c180p_ft175k","40.06024","23.317756","19843.494314","-10.455519","-3.040852","50.251","-83.6902","10.458031","0.111308437097","0.018567243297","2.498342","0.200868","6.231184492206e-5","1.071489e+8","no new passive topology; pressures the three existing high-pass coupling poles around the run-8 operating point","0.81652655","0.39115816","0.58846371","0.95610739","0.03130114","0","2.4851729","0.09749035","0.02","5.38622019","rejected_score","valid under relaxed hard gates but lower ranked by transparent relaxed PPA score",""
"run_009","low_frequency_rolloff_pressure","Push the existing input, interstage, and output coupling poles upward around the run-8 operating point to test whether stronger low-frequency rolloff can improve assignment alignment without collapsing overall relaxed PPA.","bjt2_autotopo_lfrp_rc125k_re4p05k_rb4p7m_cin33n_c12_47n_cout6p8n_ch27p_r11k_c180p_ft175k","40.060575","22.50482","20119.321949","-9.705142","-2.968893","47.8985","-83.5328","9.707656","0.11498148796","0.018816023208","2.498299","0.200826","6.231182884012e-5","1.097107e+8","no new passive topology; pressures the three existing high-pass coupling poles around the run-8 operating point","0.84347099","0.39639923","0.60253323","0.95610714","0","0","2.2350473","0.1210153","0.02","5.17457318","rejected_score","valid under relaxed hard gates but lower ranked by transparent relaxed PPA score",""
"run_009","low_frequency_rolloff_pressure","Push the existing input, interstage, and output coupling poles upward around the run-8 operating point to test whether stronger low-frequency rolloff can improve assignment alignment without collapsing overall relaxed PPA.","bjt2_autotopo_lfrp_rc125k_re4p05k_rb4p7m_cin33n_c12_47n_cout6p8n_ch28p_r11k_c180p_ft175k","40.060348","22.503858","19843.106552","-9.704926","-3.040952","47.8985","-83.6902","9.70755","0.113201809155","0.019247522267","2.498299","0.200818","6.231182872618e-5","1.097131e+8","no new passive topology; pressures the three existing high-pass coupling poles around the run-8 operating point","0.83041578","0.40548967","0.60254664","0.95610714","0.03137869","0","2.23497547","0.12101542","0.02","5.20192879","rejected_score","valid under relaxed hard gates but lower ranked by transparent relaxed PPA score",""
"run_009","low_frequency_rolloff_pressure","Push the existing input, interstage, and output coupling poles upward around the run-8 operating point to test whether stronger low-frequency rolloff can improve assignment alignment without collapsing overall relaxed PPA.","bjt2_autotopo_lfrp_rc125k_re4p05k_rb4p7m_cin33n_c12_47n_cout10n_ch27p_r11k_c180p_ft175k","40.06063","22.076954","20119.1314","-9.282283","-2.968942","45.1966","-83.5328","9.284853","0.117091905983","0.019307553314","2.498207","0.200902","6.231178851215e-5","1.136181e+8","no new passive topology; pressures the three existing high-pass coupling poles around the run-8 operating point","0.8589524","0.40675435","0.62399292","0.95610652","0","0","2.0940945","0.14803403","0.02","5.10793472","rejected_score","valid under relaxed hard gates but lower ranked by transparent relaxed PPA score",""
"run_009","low_frequency_rolloff_pressure","Push the existing input, interstage, and output coupling poles upward around the run-8 operating point to test whether stronger low-frequency rolloff can improve assignment alignment without collapsing overall relaxed PPA.","bjt2_autotopo_lfrp_rc125k_re4p05k_rb4p7m_cin33n_c12_47n_cout10n_ch28p_r11k_c180p_ft175k","40.060404","22.076013","19842.914764","-9.282068","-3.041002","45.1966","-83.6902","9.284752","0.115344793255","0.019740316028","2.498207","0.200894","6.231178840921e-5","1.136206e+8","no new passive topology; pressures the three existing high-pass coupling poles around the run-8 operating point","0.84613609","0.41587141","0.62400633","0.95610652","0.03141705","0","2.0940227","0.14803414","0.02","5.13559424","rejected_score","valid under relaxed hard gates but lower ranked by transparent relaxed PPA score",""
"run_009","low_frequency_rolloff_pressure","Push the existing input, interstage, and output coupling poles upward around the run-8 operating point to test whether stronger low-frequency rolloff can improve assignment alignment without collapsing overall relaxed PPA.","bjt2_autotopo_lfrp_rc125k_re4p05k_rb4p7m_cin33n_c12_56n_cout4p7n_ch27p_r11k_c180p_ft175k","40.06065","22.558024","20119.305457","-9.859177","-2.968897","49.3493","-83.5329","9.861691","0.113974459776","0.018608822918","2.498357","0.200881","6.231266492396e-5","1.181361e+8","no new passive topology; pressures the three existing high-pass coupling poles around the run-8 operating point","0.83608372","0.39203412","0.64880569","0.95611997","0","0","2.2863925","0.10650729","0.02","5.24594329","rejected_score","valid under relaxed hard gates but lower ranked by transparent relaxed PPA score",""
"run_009","low_frequency_rolloff_pressure","Push the existing input, interstage, and output coupling poles upward around the run-8 operating point to test whether stronger low-frequency rolloff can improve assignment alignment without collapsing overall relaxed PPA.","bjt2_autotopo_lfrp_rc125k_re4p05k_rb4p7m_cin33n_c12_56n_cout4p7n_ch28p_r11k_c180p_ft175k","40.060426","22.557073","19843.08814","-9.858964","-3.040957","49.3493","-83.6902","9.861587","0.112178804536","0.019039633804","2.498357","0.200873","6.231266483257e-5","1.181385e+8","no new passive topology; pressures the three existing high-pass coupling poles around the run-8 operating point","0.82291131","0.40111006","0.6488191","0.95611997","0.03138237","0","2.2863215","0.1065074","0.02","5.27317171","rejected_score","valid under relaxed hard gates but lower ranked by transparent relaxed PPA score",""
"run_009","low_frequency_rolloff_pressure","Push the existing input, interstage, and output coupling poles upward around the run-8 operating point to test whether stronger low-frequency rolloff can improve assignment alignment without collapsing overall relaxed PPA.","bjt2_autotopo_lfrp_rc125k_re4p05k_rb4p7m_cin33n_c12_56n_cout6p8n_ch27p_r11k_c180p_ft175k","40.060758","21.707249","20118.919857","-9.108587","-2.968997","46.9968","-83.5329","9.111218","0.116055649956","0.019288397966","2.498311","0.200847","6.231264863974e-5","1.207004e+8","no new passive topology; pressures the three existing high-pass coupling poles around the run-8 operating point","0.85135073","0.4063508","0.66288862","0.95611972","0","0","2.0361957","0.13003238","0.02","5.06293794","rejected_score","valid under relaxed hard gates but lower ranked by transparent relaxed PPA score",""
"run_009","low_frequency_rolloff_pressure","Push the existing input, interstage, and output coupling poles upward around the run-8 operating point to test whether stronger low-frequency rolloff can improve assignment alignment without collapsing overall relaxed PPA.","bjt2_autotopo_lfrp_rc125k_re4p05k_rb4p7m_cin33n_c12_56n_cout6p8n_ch28p_r11k_c180p_ft175k","40.060535","21.706339","19842.700461","-9.108374","-3.041058","46.9968","-83.6902","9.11112","0.114292696151","0.019721144011","2.498311","0.200839","6.231264853475e-5","1.207028e+8","no new passive topology; pressures the three existing high-pass coupling poles around the run-8 operating point","0.83841821","0.41546751","0.66290203","0.95611972","0.03145991","0","2.0361248","0.13003249","0.02","5.09052466","rejected_score","valid under relaxed hard gates but lower ranked by transparent relaxed PPA score",""
"run_009","low_frequency_rolloff_pressure","Push the existing input, interstage, and output coupling poles upward around the run-8 operating point to test whether stronger low-frequency rolloff can improve assignment alignment without collapsing overall relaxed PPA.","bjt2_autotopo_lfrp_rc125k_re4p05k_rb4p7m_cin33n_c12_56n_cout10n_ch27p_r11k_c180p_ft175k","40.060814","21.257074","20118.729424","-8.68573","-2.969047","44.2949","-83.5329","8.688421","0.118343443271","0.019779834402","2.498213","0.200929","6.231260675532e-5","1.246078e+8","no new passive topology; pressures the three existing high-pass coupling poles around the run-8 operating point","0.86813332","0.41670395","0.68434831","0.95611907","0","0","1.89524327","0.15705112","0.02","4.99759904","rejected_score","valid under relaxed hard gates but lower ranked by transparent relaxed PPA score",""
"run_009","low_frequency_rolloff_pressure","Push the existing input, interstage, and output coupling poles upward around the run-8 operating point to test whether stronger low-frequency rolloff can improve assignment alignment without collapsing overall relaxed PPA.","bjt2_autotopo_lfrp_rc125k_re4p05k_rb4p7m_cin33n_c12_56n_cout10n_ch28p_r11k_c180p_ft175k","40.06059","21.256145","19842.508677","-8.685517","-3.041107","44.2949","-83.6902","8.688323","0.116615080198","0.020213784894","2.498213","0.200921","6.231260665038e-5","1.246102e+8","no new passive topology; pressures the three existing high-pass coupling poles around the run-8 operating point","0.85545455","0.42584603","0.68436172","0.95611907","0.03149826","0","1.8951724","0.15705122","0.02","5.02550326","rejected_score","valid under relaxed hard gates but lower ranked by transparent relaxed PPA score",""
"run_009","low_frequency_rolloff_pressure","Push the existing input, interstage, and output coupling poles upward around the run-8 operating point to test whether stronger low-frequency rolloff can improve assignment alignment without collapsing overall relaxed PPA.","bjt2_autotopo_lfrp_rc125k_re4p05k_rb4p7m_cin33n_c12_68n_cout4p7n_ch27p_r11k_c180p_ft175k","40.060804","21.931325","20118.99339","-9.33884","-2.968978","48.2206","-83.5329","9.341442","0.115050045893","0.019044869044","2.498371","0.200878","6.231406760754e-5","1.32789e+8","no new passive topology; pressures the three existing high-pass coupling poles around the run-8 operating point","0.84397391","0.40122035","0.72927954","0.95614149","0","0","2.1129466","0.11779421","0.02","5.1813561","rejected_score","valid under relaxed hard gates but lower ranked by transparent relaxed PPA score",""
"run_009","low_frequency_rolloff_pressure","Push the existing input, interstage, and output coupling poles upward around the run-8 operating point to test whether stronger low-frequency rolloff can improve assignment alignment without collapsing overall relaxed PPA.","bjt2_autotopo_lfrp_rc125k_re4p05k_rb4p7m_cin33n_c12_68n_cout4p7n_ch28p_r11k_c180p_ft175k","40.060582","21.930391","19842.772915","-9.338629","-3.041039","48.2206","-83.6902","9.341345","0.113271440678","0.01947684584","2.498371","0.20087","6.23140675194e-5","1.327914e+8","no new passive topology; pressures the three existing high-pass coupling poles around the run-8 operating point","0.83092657","0.41032085","0.72929296","0.95614149","0.03144542","0","2.1128763","0.11779431","0.02","5.2087979","rejected_score","valid under relaxed hard gates but lower ranked by transparent relaxed PPA score",""
"run_009","low_frequency_rolloff_pressure","Push the existing input, interstage, and output coupling poles upward around the run-8 operating point to test whether stronger low-frequency rolloff can improve assignment alignment without collapsing overall relaxed PPA.","bjt2_autotopo_lfrp_rc125k_re4p05k_rb4p7m_cin33n_c12_68n_cout6p8n_ch27p_r11k_c180p_ft175k","40.060912","21.046436","20118.607909","-8.588251","-2.969078","45.8681","-83.5329","8.590976","0.117352761414","0.019725563326","2.498317","0.200879","6.231405040561e-5","1.353532e+8","no new passive topology; pressures the three existing high-pass coupling poles around the run-8 operating point","0.86086596","0.41556061","0.74336247","0.95614123","0","0","1.8627504","0.14131932","0.02","4.99999999","rejected_score","valid under relaxed hard gates but lower ranked by transparent relaxed PPA score",""
"run_009","low_frequency_rolloff_pressure","Push the existing input, interstage, and output coupling poles upward around the run-8 operating point to test whether stronger low-frequency rolloff can improve assignment alignment without collapsing overall relaxed PPA.","bjt2_autotopo_lfrp_rc125k_re4p05k_rb4p7m_cin33n_c12_68n_cout6p8n_ch28p_r11k_c180p_ft175k","40.060691","21.045539","19842.38517","-8.58804","-3.041139","45.8681","-83.6902","8.590879","0.115609587039","0.020159370685","2.498317","0.20087","6.231405032012e-5","1.353557e+8","no new passive topology; pressures the three existing high-pass coupling poles around the run-8 operating point","0.84807854","0.42469968","0.74337588","0.95614122","0.03152297","0","1.86268013","0.14131942","0.02","5.02781784","rejected_score","valid under relaxed hard gates but lower ranked by transparent relaxed PPA score",""
"run_009","low_frequency_rolloff_pressure","Push the existing input, interstage, and output coupling poles upward around the run-8 operating point to test whether stronger low-frequency rolloff can improve assignment alignment without collapsing overall relaxed PPA.","bjt2_autotopo_lfrp_rc125k_re4p05k_rb4p7m_cin33n_c12_68n_cout10n_ch27p_r11k_c180p_ft175k","40.060967","20.573064","20118.417368","-8.165395","-2.969128","43.1662","-83.5329","8.16818","0.119821518894","0.020217182367","2.498214","0.200973","6.231400592101e-5","1.392607e+8","no new passive topology; pressures the three existing high-pass coupling poles around the run-8 operating point","0.87897606","0.4259176","0.76482216","0.95614054","0","0","1.72179823","0.16833807","0.02","4.93599267","rejected_score","valid under relaxed hard gates but lower ranked by transparent relaxed PPA score",""
"run_009","low_frequency_rolloff_pressure","Push the existing input, interstage, and output coupling poles upward around the run-8 operating point to test whether stronger low-frequency rolloff can improve assignment alignment without collapsing overall relaxed PPA.","bjt2_autotopo_lfrp_rc125k_re4p05k_rb4p7m_cin33n_c12_68n_cout10n_ch28p_r11k_c180p_ft175k","40.060746","20.572148","19842.193389","-8.165184","-3.041189","43.1662","-83.6902","8.168086","0.118114784235","0.02065213937","2.498214","0.200964","6.231400581657e-5","1.392631e+8","no new passive topology; pressures the three existing high-pass coupling poles around the run-8 operating point","0.86645594","0.43508089","0.76483558","0.95614054","0.03156132","0","1.72172803","0.16833817","0.02","4.96414048","rejected_score","valid under relaxed hard gates but lower ranked by transparent relaxed PPA score",""
"run_009","low_frequency_rolloff_pressure","Push the existing input, interstage, and output coupling poles upward around the run-8 operating point to test whether stronger low-frequency rolloff can improve assignment alignment without collapsing overall relaxed PPA.","bjt2_autotopo_lfrp_rc125k_re4p05k_rb4p7m_cin47n_c12_33n_cout4p7n_ch27p_r11k_c180p_ft175k","40.060653","21.420892","20118.224972","-9.902533","-2.969178","50.7891","-83.5328","9.905426","0.113027483179","0.0187249296","2.498319","0.200866","6.231092402225e-5","1.071464e+8","no new passive topology; pressures the three existing high-pass coupling poles around the run-8 operating point","0.82913697","0.39448015","0.5884503","0.95609325","0","0","2.30084437","0.0921091","0.02","5.18111415","rejected_score","valid under relaxed hard gates but lower ranked by transparent relaxed PPA score",""
"run_009","low_frequency_rolloff_pressure","Push the existing input, interstage, and output coupling poles upward around the run-8 operating point to test whether stronger low-frequency rolloff can improve assignment alignment without collapsing overall relaxed PPA.","bjt2_autotopo_lfrp_rc125k_re4p05k_rb4p7m_cin47n_c12_33n_cout4p7n_ch28p_r11k_c180p_ft175k","40.060417","21.420021","19842.010008","-9.902309","-3.041236","50.7891","-83.6901","9.905322","0.111216545187","0.019156115926","2.498319","0.200858","6.231092385596e-5","1.071489e+8","no new passive topology; pressures the three existing high-pass coupling poles around the run-8 operating point","0.81585245","0.403564","0.58846371","0.95609325","0.031598","0","2.3007697","0.09210921","0.02","5.20845033","rejected_score","valid under relaxed hard gates but lower ranked by transparent relaxed PPA score",""
"run_009","low_frequency_rolloff_pressure","Push the existing input, interstage, and output coupling poles upward around the run-8 operating point to test whether stronger low-frequency rolloff can improve assignment alignment without collapsing overall relaxed PPA.","bjt2_autotopo_lfrp_rc125k_re4p05k_rb4p7m_cin47n_c12_33n_cout6p8n_ch27p_r11k_c180p_ft175k","40.060761","20.579178","20117.84016","-9.151935","-2.969278","48.4366","-83.5328","9.154965","0.114923927124","0.019407252375","2.498275","0.200805","6.231090681187e-5","1.097107e+8","no new passive topology; pressures the three existing high-pass coupling poles around the run-8 operating point","0.84304874","0.40885472","0.60253323","0.95609299","0","0","2.05064513","0.11563411","0.02","4.99680892","rejected_score","valid under relaxed hard gates but lower ranked by transparent relaxed PPA score",""
"run_009","low_frequency_rolloff_pressure","Push the existing input, interstage, and output coupling poles upward around the run-8 operating point to test whether stronger low-frequency rolloff can improve assignment alignment without collapsing overall relaxed PPA.","bjt2_autotopo_lfrp_rc125k_re4p05k_rb4p7m_cin47n_c12_33n_cout6p8n_ch28p_r11k_c180p_ft175k","40.060526","20.578314","19841.622348","-9.151712","-3.041336","48.4366","-83.6901","9.154863","0.113143346245","0.019840287499","2.498275","0.200796","6.231090664354e-5","1.097131e+8","no new passive topology; pressures the three existing high-pass coupling poles around the run-8 operating point","0.82998691","0.41797752","0.60254664","0.95609299","0.03167553","0","2.05057057","0.11563422","0.02","5.02448437","rejected_score","valid under relaxed hard gates but lower ranked by transparent relaxed PPA score",""
"run_009","low_frequency_rolloff_pressure","Push the existing input, interstage, and output coupling poles upward around the run-8 operating point to test whether stronger low-frequency rolloff can improve assignment alignment without collapsing overall relaxed PPA.","bjt2_autotopo_lfrp_rc125k_re4p05k_rb4p7m_cin47n_c12_33n_cout10n_ch27p_r11k_c180p_ft175k","40.060816","20.134877","20117.649241","-8.729074","-2.969328","45.7347","-83.5328","8.732174","0.11705641233","0.01990312855","2.498191","0.200873","6.231086770433e-5","1.136181e+8","no new passive topology; pressures the three existing high-pass coupling poles around the run-8 operating point","0.85869203","0.4193014","0.62399292","0.95609239","0","0","1.90969123","0.14265279","0.02","4.93042277","rejected_score","valid under relaxed hard gates but lower ranked by transparent relaxed PPA score",""
"run_009","low_frequency_rolloff_pressure","Push the existing input, interstage, and output coupling poles upward around the run-8 operating point to test whether stronger low-frequency rolloff can improve assignment alignment without collapsing overall relaxed PPA.","bjt2_autotopo_lfrp_rc125k_re4p05k_rb4p7m_cin47n_c12_33n_cout10n_ch28p_r11k_c180p_ft175k","40.060581","20.13403","19841.430573","-8.72885","-3.041386","45.7347","-83.6901","8.732075","0.115308765162","0.020337257358","2.498191","0.200864","6.23108675353e-5","1.136206e+8","no new passive topology; pressures the three existing high-pass coupling poles around the run-8 operating point","0.8458718","0.42844724","0.62400633","0.95609239","0.03171389","0","1.90961667","0.1426529","0.02","4.95840121","rejected_score","valid under relaxed hard gates but lower ranked by transparent relaxed PPA score",""
"run_009","low_frequency_rolloff_pressure","Push the existing input, interstage, and output coupling poles upward around the run-8 operating point to test whether stronger low-frequency rolloff can improve assignment alignment without collapsing overall relaxed PPA.","bjt2_autotopo_lfrp_rc125k_re4p05k_rb4p7m_cin47n_c12_47n_cout4p7n_ch27p_r11k_c180p_ft175k","40.061219","18.901264","20116.846789","-8.299436","-2.969536","49.3495","-83.5328","8.302841","0.114936576718","0.019973950527","2.498352","0.200899","6.231163387741e-5","1.242415e+8","no new passive topology; pressures the three existing high-pass coupling poles around the run-8 operating point","0.84314153","0.42079341","0.68233646","0.95610415","0","0","1.76647883","0.1065054","0.02","4.79535979","rejected_score","valid under relaxed hard gates but lower ranked by transparent relaxed PPA score",""
"run_009","low_frequency_rolloff_pressure","Push the existing input, interstage, and output coupling poles upward around the run-8 operating point to test whether stronger low-frequency rolloff can improve assignment alignment without collapsing overall relaxed PPA.","bjt2_autotopo_lfrp_rc125k_re4p05k_rb4p7m_cin47n_c12_47n_cout4p7n_ch28p_r11k_c180p_ft175k","40.060992","18.900493","19840.619248","-8.299221","-3.041596","49.3494","-83.6902","8.302754","0.113156190241","0.020408285176","2.498352","0.20089","6.231163377527e-5","1.242439e+8","no new passive topology; pressures the three existing high-pass coupling poles around the run-8 operating point","0.83008113","0.42994359","0.68234988","0.95610415","0.03187615","0","1.76640693","0.10650551","0.02","4.82326734","rejected_score","valid under relaxed hard gates but lower ranked by transparent relaxed PPA score",""
"run_009","low_frequency_rolloff_pressure","Push the existing input, interstage, and output coupling poles upward around the run-8 operating point to test whether stronger low-frequency rolloff can improve assignment alignment without collapsing overall relaxed PPA.","bjt2_autotopo_lfrp_rc125k_re4p05k_rb4p7m_cin47n_c12_47n_cout6p8n_ch27p_r11k_c180p_ft175k","40.061327","17.959546","20116.461513","-7.548844","-2.969636","46.997","-83.5328","7.552416","0.117292601454","0.020659346619","2.498313","0.200826","6.231161795805e-5","1.268057e+8","no new passive topology; pressures the three existing high-pass coupling poles around the run-8 operating point","0.86042465","0.43523273","0.69641939","0.9561039","0","0","1.51628137","0.13003047","0.02","4.6144925","rejected_score","valid under relaxed hard gates but lower ranked by transparent relaxed PPA score",""
"run_009","low_frequency_rolloff_pressure","Push the existing input, interstage, and output coupling poles upward around the run-8 operating point to test whether stronger low-frequency rolloff can improve assignment alignment without collapsing overall relaxed PPA.","bjt2_autotopo_lfrp_rc125k_re4p05k_rb4p7m_cin47n_c12_47n_cout6p8n_ch28p_r11k_c180p_ft175k","40.0611","17.958808","19840.231545","-7.548629","-3.041696","46.9969","-83.6902","7.552334","0.115548521767","0.021095253946","2.498314","0.200822","6.231161785451e-5","1.268082e+8","no new passive topology; pressures the three existing high-pass coupling poles around the run-8 operating point","0.84763058","0.44441603","0.6964328","0.9561039","0.03195369","0","1.51620953","0.13003058","0.02","4.64277712","rejected_score","valid under relaxed hard gates but lower ranked by transparent relaxed PPA score",""
"run_009","low_frequency_rolloff_pressure","Push the existing input, interstage, and output coupling poles upward around the run-8 operating point to test whether stronger low-frequency rolloff can improve assignment alignment without collapsing overall relaxed PPA.","bjt2_autotopo_lfrp_rc125k_re4p05k_rb4p7m_cin47n_c12_47n_cout10n_ch27p_r11k_c180p_ft175k","40.061382","17.447706","20116.271103","-7.125986","-2.969686","44.2951","-83.5328","7.129646","0.119794563772","0.021154602536","2.498215","0.200901","6.231157738931e-5","1.307131e+8","no new passive topology; pressures the three existing high-pass coupling poles around the run-8 operating point","0.87877832","0.44566634","0.71787908","0.95610328","0","0","1.37532853","0.15704919","0.02","4.55080475","rejected_score","valid under relaxed hard gates but lower ranked by transparent relaxed PPA score",""
"run_009","low_frequency_rolloff_pressure","Push the existing input, interstage, and output coupling poles upward around the run-8 operating point to test whether stronger low-frequency rolloff can improve assignment alignment without collapsing overall relaxed PPA.","bjt2_autotopo_lfrp_rc125k_re4p05k_rb4p7m_cin47n_c12_47n_cout10n_ch28p_r11k_c180p_ft175k","40.061155","17.446978","19840.040247","-7.12577","-3.041746","44.2951","-83.6902","7.129565","0.1180874418","0.021591485496","2.498215","0.200899","6.231157728937e-5","1.307156e+8","no new passive topology; pressures the three existing high-pass coupling poles around the run-8 operating point","0.86625537","0.4548702","0.71789249","0.95610328","0.03199195","0","1.37525673","0.1570493","0.02","4.57941932","rejected_score","valid under relaxed hard gates but lower ranked by transparent relaxed PPA score",""
"run_009","low_frequency_rolloff_pressure","Push the existing input, interstage, and output coupling poles upward around the run-8 operating point to test whether stronger low-frequency rolloff can improve assignment alignment without collapsing overall relaxed PPA.","bjt2_autotopo_lfrp_rc125k_re4p05k_rb4p7m_cin47n_c12_56n_cout4p7n_ch27p_r11k_c180p_ft175k","40.061402","18.047152","20116.444754","-7.702937","-2.969641","48.4477","-83.5329","7.706508","0.116073322679","0.020450304323","2.498366","0.200901","6.231248263619e-5","1.352311e+8","no new passive topology; pressures the three existing high-pass coupling poles around the run-8 operating point","0.85148037","0.43082881","0.74269185","0.95611717","0","0","1.56764557","0.11552304","0.02","4.68428682","rejected_score","valid under relaxed hard gates but lower ranked by transparent relaxed PPA score",""
"run_009","low_frequency_rolloff_pressure","Push the existing input, interstage, and output coupling poles upward around the run-8 operating point to test whether stronger low-frequency rolloff can improve assignment alignment without collapsing overall relaxed PPA.","bjt2_autotopo_lfrp_rc125k_re4p05k_rb4p7m_cin47n_c12_56n_cout4p7n_ch28p_r11k_c180p_ft175k","40.061178","18.046427","19840.213215","-7.702724","-3.041701","48.4477","-83.6902","7.706428","0.114310640218","0.020885669071","2.498367","0.200893","6.23124825489e-5","1.352336e+8","no new passive topology; pressures the three existing high-pass coupling poles around the run-8 operating point","0.83854984","0.44000069","0.74270527","0.95611717","0.03195736","0","1.5675746","0.11552315","0.02","4.71242807","rejected_score","valid under relaxed hard gates but lower ranked by transparent relaxed PPA score",""
"run_009","low_frequency_rolloff_pressure","Push the existing input, interstage, and output coupling poles upward around the run-8 operating point to test whether stronger low-frequency rolloff can improve assignment alignment without collapsing overall relaxed PPA.","bjt2_autotopo_lfrp_rc125k_re4p05k_rb4p7m_cin47n_c12_56n_cout6p8n_ch27p_r11k_c180p_ft175k","40.06151","17.056732","20116.059596","-6.952346","-2.969741","46.0952","-83.5329","6.956098","0.118633083457","0.021136570505","2.498324","0.200853","6.231246649405e-5","1.377954e+8","no new passive topology; pressures the three existing high-pass coupling poles around the run-8 operating point","0.87025804","0.44528645","0.75677478","0.95611692","0","0","1.3174488","0.13904813","0.02","4.50493312","rejected_score","valid under relaxed hard gates but lower ranked by transparent relaxed PPA score",""
"run_009","low_frequency_rolloff_pressure","Push the existing input, interstage, and output coupling poles upward around the run-8 operating point to test whether stronger low-frequency rolloff can improve assignment alignment without collapsing overall relaxed PPA.","bjt2_autotopo_lfrp_rc125k_re4p05k_rb4p7m_cin47n_c12_56n_cout6p8n_ch28p_r11k_c180p_ft175k","40.061286","17.056034","19839.825831","-6.952134","-3.041801","46.0952","-83.6902","6.956021","0.11690900101","0.021573422048","2.498324","0.200852","6.231246640401e-5","1.377978e+8","no new passive topology; pressures the three existing high-pass coupling poles around the run-8 operating point","0.85761067","0.45448965","0.75678819","0.95611692","0.03203483","0","1.31737787","0.13904824","0.02","4.53346637","rejected_score","valid under relaxed hard gates but lower ranked by transparent relaxed PPA score",""
"run_009","low_frequency_rolloff_pressure","Push the existing input, interstage, and output coupling poles upward around the run-8 operating point to test whether stronger low-frequency rolloff can improve assignment alignment without collapsing overall relaxed PPA.","bjt2_autotopo_lfrp_rc125k_re4p05k_rb4p7m_cin47n_c12_56n_cout10n_ch27p_r11k_c180p_ft175k","40.061565","16.513808","20115.869081","-6.529489","-2.96979","43.3933","-83.5329","6.533336","0.121299119249","0.021631496745","2.49822","0.200939","6.231242419218e-5","1.417028e+8","no new passive topology; pressures the three existing high-pass coupling poles around the run-8 operating point","0.88981531","0.45571312","0.77823447","0.95611627","0","0","1.17649637","0.16606687","0.02","4.44244241","rejected_score","valid under relaxed hard gates but lower ranked by transparent relaxed PPA score",""
"run_009","low_frequency_rolloff_pressure","Push the existing input, interstage, and output coupling poles upward around the run-8 operating point to test whether stronger low-frequency rolloff can improve assignment alignment without collapsing overall relaxed PPA.","bjt2_autotopo_lfrp_rc125k_re4p05k_rb4p7m_cin47n_c12_56n_cout10n_ch28p_r11k_c180p_ft175k","40.061342","16.513118","19839.634151","-6.529276","-3.041851","43.3933","-83.6902","6.533261","0.119613470093","0.022069288836","2.49822","0.200937","6.231242410329e-5","1.417052e+8","no new passive topology; pressures the three existing high-pass coupling poles around the run-8 operating point","0.87744987","0.46493613","0.77824788","0.95611627","0.03207317","0","1.17642547","0.16606698","0.02","4.47131577","rejected_score","valid under relaxed hard gates but lower ranked by transparent relaxed PPA score",""
"run_009","low_frequency_rolloff_pressure","Push the existing input, interstage, and output coupling poles upward around the run-8 operating point to test whether stronger low-frequency rolloff can improve assignment alignment without collapsing overall relaxed PPA.","bjt2_autotopo_lfrp_rc125k_re4p05k_rb4p7m_cin47n_c12_68n_cout4p7n_ch27p_r11k_c180p_ft175k","40.061556","17.325468","20116.132463","-7.18266","-2.969722","47.3189","-83.5329","7.186369","0.117428566562","0.020890901781","2.498381","0.200896","6.231393594561e-5","1.49884e+8","no new passive topology; pressures the three existing high-pass coupling poles around the run-8 operating point","0.86142205","0.44011092","0.82316571","0.95613947","0","0","1.39422007","0.1268106","0.02","4.62186882","rejected_score","valid under relaxed hard gates but lower ranked by transparent relaxed PPA score",""
"run_009","low_frequency_rolloff_pressure","Push the existing input, interstage, and output coupling poles upward around the run-8 operating point to test whether stronger low-frequency rolloff can improve assignment alignment without collapsing overall relaxed PPA.","bjt2_autotopo_lfrp_rc125k_re4p05k_rb4p7m_cin47n_c12_68n_cout4p7n_ch28p_r11k_c180p_ft175k","40.061334","17.324754","19839.897969","-7.182449","-3.041783","47.3189","-83.6902","7.186291","0.115686533326","0.021327142541","2.498381","0.200895","6.231393584997e-5","1.498864e+8","no new passive topology; pressures the three existing high-pass coupling poles around the run-8 operating point","0.848643","0.44930126","0.82317912","0.95613947","0.03202041","0","1.39414973","0.1268107","0.02","4.65024368","rejected_score","valid under relaxed hard gates but lower ranked by transparent relaxed PPA score",""
"run_009","low_frequency_rolloff_pressure","Push the existing input, interstage, and output coupling poles upward around the run-8 operating point to test whether stronger low-frequency rolloff can improve assignment alignment without collapsing overall relaxed PPA.","bjt2_autotopo_lfrp_rc125k_re4p05k_rb4p7m_cin47n_c12_68n_cout6p8n_ch27p_r11k_c180p_ft175k","40.061664","16.287575","20115.747697","-6.432071","-2.969822","44.9664","-83.5329","6.435971","0.120194348202","0.02157787176","2.498328","0.200893","6.231391869603e-5","1.524482e+8","no new passive topology; pressures the three existing high-pass coupling poles around the run-8 operating point","0.88171102","0.4545834","0.83724863","0.95613921","0","0","1.14402383","0.15033571","0.02","4.4440418","rejected_score","valid under relaxed hard gates but lower ranked by transparent relaxed PPA score",""
"run_009","low_frequency_rolloff_pressure","Push the existing input, interstage, and output coupling poles upward around the run-8 operating point to test whether stronger low-frequency rolloff can improve assignment alignment without collapsing overall relaxed PPA.","bjt2_autotopo_lfrp_rc125k_re4p05k_rb4p7m_cin47n_c12_68n_cout6p8n_ch28p_r11k_c180p_ft175k","40.061443","16.286913","19839.510668","-6.431861","-3.041883","44.9664","-83.6902","6.435898","0.118492982448","0.022015530364","2.498328","0.200891","6.231391861279e-5","1.524507e+8","no new passive topology; pressures the three existing high-pass coupling poles around the run-8 operating point","0.8692303","0.4638036","0.83726204","0.9561392","0.03209787","0","1.1439536","0.1503358","0.02","4.47282241","rejected_score","valid under relaxed hard gates but lower ranked by transparent relaxed PPA score",""
"run_009","low_frequency_rolloff_pressure","Push the existing input, interstage, and output coupling poles upward around the run-8 operating point to test whether stronger low-frequency rolloff can improve assignment alignment without collapsing overall relaxed PPA.","bjt2_autotopo_lfrp_rc125k_re4p05k_rb4p7m_cin47n_c12_68n_cout10n_ch27p_r11k_c180p_ft175k","40.061719","15.714278","20115.556801","-6.009215","-2.969871","42.2646","-83.5329","6.013212","0.123026900019","0.022072791426","2.498219","0.200994","6.231387359329e-5","1.563557e+8","no new passive topology; pressures the three existing high-pass coupling poles around the run-8 operating point","0.90248981","0.46500992","0.85870833","0.95613851","0","0","1.0030717","0.17735446","0.02","4.38277273","rejected_score","valid under relaxed hard gates but lower ranked by transparent relaxed PPA score",""
"run_009","low_frequency_rolloff_pressure","Push the existing input, interstage, and output coupling poles upward around the run-8 operating point to test whether stronger low-frequency rolloff can improve assignment alignment without collapsing overall relaxed PPA.","bjt2_autotopo_lfrp_rc125k_re4p05k_rb4p7m_cin47n_c12_68n_cout10n_ch28p_r11k_c180p_ft175k","40.061498","15.713621","19839.318605","-6.009004","-3.041932","42.2645","-83.6903","6.013143","0.121365248484","0.022511354794","2.498219","0.200992","6.231387350965e-5","1.563581e+8","no new passive topology; pressures the three existing high-pass coupling poles around the run-8 operating point","0.89030041","0.47424919","0.85872174","0.95613851","0.03213628","0","1.00300147","0.17735456","0.02","4.41190215","rejected_score","valid under relaxed hard gates but lower ranked by transparent relaxed PPA score",""
"run_009","low_frequency_rolloff_pressure","Push the existing input, interstage, and output coupling poles upward around the run-8 operating point to test whether stronger low-frequency rolloff can improve assignment alignment without collapsing overall relaxed PPA.","bjt2_autotopo_lfrp_rc125k_re4p05k_rb4p7m_cin56n_c12_33n_cout4p7n_ch27p_r11k_c180p_ft175k","40.060869","19.944139","20117.402874","-9.014935","-2.969392","50.1659","-83.5328","9.018136","0.1138960386","0.019420385918","2.498323","0.200873","6.231081966253e-5","1.181361e+8","no new passive topology; pressures the three existing high-pass coupling poles around the run-8 operating point","0.83550844","0.40913141","0.64880569","0.95609165","0","0","2.00497847","0.09834072","0.02","4.97285638","rejected_score","valid under relaxed hard gates but lower ranked by transparent relaxed PPA score",""
"run_009","low_frequency_rolloff_pressure","Push the existing input, interstage, and output coupling poles upward around the run-8 operating point to test whether stronger low-frequency rolloff can improve assignment alignment without collapsing overall relaxed PPA.","bjt2_autotopo_lfrp_rc125k_re4p05k_rb4p7m_cin56n_c12_33n_cout4p7n_ch28p_r11k_c180p_ft175k","40.060634","19.943346","19841.183747","-9.014711","-3.04145","50.1659","-83.6901","9.018037","0.11209913193","0.019853420136","2.498323","0.200865","6.231081950515e-5","1.181385e+8","no new passive topology; pressures the three existing high-pass coupling poles around the run-8 operating point","0.82232686","0.41825418","0.6488191","0.95609165","0.03176325","0","2.0049038","0.09834083","0.02","5.00049968","rejected_score","valid under relaxed hard gates but lower ranked by transparent relaxed PPA score",""
"run_009","low_frequency_rolloff_pressure","Push the existing input, interstage, and output coupling poles upward around the run-8 operating point to test whether stronger low-frequency rolloff can improve assignment alignment without collapsing overall relaxed PPA.","bjt2_autotopo_lfrp_rc125k_re4p05k_rb4p7m_cin56n_c12_33n_cout6p8n_ch27p_r11k_c180p_ft175k","40.060977","19.054112","20117.018078","-8.264338","-2.969492","47.8134","-83.5328","8.267694","0.116029445906","0.020105311858","2.498279","0.200807","6.23108025418e-5","1.207004e+8","no new passive topology; pressures the three existing high-pass coupling poles around the run-8 operating point","0.8511585","0.42356082","0.66288862","0.95609139","0","0","1.75477923","0.12186573","0.02","4.79034429","rejected_score","valid under relaxed hard gates but lower ranked by transparent relaxed PPA score",""
"run_009","low_frequency_rolloff_pressure","Push the existing input, interstage, and output coupling poles upward around the run-8 operating point to test whether stronger low-frequency rolloff can improve assignment alignment without collapsing overall relaxed PPA.","bjt2_autotopo_lfrp_rc125k_re4p05k_rb4p7m_cin56n_c12_33n_cout6p8n_ch28p_r11k_c180p_ft175k","40.060742","19.053321","19840.796105","-8.264114","-3.04155","47.8134","-83.6901","8.267599","0.114266092515","0.020540013955","2.498279","0.200798","6.231080238421e-5","1.207028e+8","no new passive topology; pressures the three existing high-pass coupling poles around the run-8 operating point","0.83822305","0.43271873","0.66290203","0.95609139","0.03184078","0","1.75470467","0.12186584","0.02","4.81834649","rejected_score","valid under relaxed hard gates but lower ranked by transparent relaxed PPA score",""
"run_009","low_frequency_rolloff_pressure","Push the existing input, interstage, and output coupling poles upward around the run-8 operating point to test whether stronger low-frequency rolloff can improve assignment alignment without collapsing overall relaxed PPA.","bjt2_autotopo_lfrp_rc125k_re4p05k_rb4p7m_cin56n_c12_33n_cout10n_ch27p_r11k_c180p_ft175k","40.061033","18.574595","20116.827168","-7.841476","-2.969541","45.1116","-83.5328","7.844913","0.118352224752","0.020602449267","2.498194","0.200869","6.231076328767e-5","1.246078e+8","no new passive topology; pressures the three existing high-pass coupling poles around the run-8 operating point","0.86819774","0.43403406","0.68434831","0.95609079","0","0","1.61382533","0.14888441","0.02","4.72538065","rejected_score","valid under relaxed hard gates but lower ranked by transparent relaxed PPA score",""
"run_009","low_frequency_rolloff_pressure","Push the existing input, interstage, and output coupling poles upward around the run-8 operating point to test whether stronger low-frequency rolloff can improve assignment alignment without collapsing overall relaxed PPA.","bjt2_autotopo_lfrp_rc125k_re4p05k_rb4p7m_cin56n_c12_33n_cout10n_ch28p_r11k_c180p_ft175k","40.060798","18.573817","19840.604338","-7.841252","-3.041599","45.1115","-83.6901","7.844818","0.11662399653","0.021038141424","2.498195","0.200864","6.231076311624e-5","1.246102e+8","no new passive topology; pressures the three existing high-pass coupling poles around the run-8 operating point","0.85551996","0.44321284","0.68436172","0.95609079","0.03187913","0","1.61375077","0.14888452","0.02","4.75369973","rejected_score","valid under relaxed hard gates but lower ranked by transparent relaxed PPA score",""
"run_009","low_frequency_rolloff_pressure","Push the existing input, interstage, and output coupling poles upward around the run-8 operating point to test whether stronger low-frequency rolloff can improve assignment alignment without collapsing overall relaxed PPA.","bjt2_autotopo_lfrp_rc125k_re4p05k_rb4p7m_cin56n_c12_47n_cout4p7n_ch27p_r11k_c180p_ft175k","40.061436","17.336488","20116.024643","-7.411901","-2.96975","48.7262","-83.5328","7.415685","0.116094604158","0.020674497684","2.498356","0.200903","6.231155694271e-5","1.352311e+8","no new passive topology; pressures the three existing high-pass coupling poles around the run-8 operating point","0.85163649","0.43555192","0.74269185","0.95610297","0","0","1.47063383","0.11273767","0.02","4.58935472","rejected_score","valid under relaxed hard gates but lower ranked by transparent relaxed PPA score",""
"run_009","low_frequency_rolloff_pressure","Push the existing input, interstage, and output coupling poles upward around the run-8 operating point to test whether stronger low-frequency rolloff can improve assignment alignment without collapsing overall relaxed PPA.","bjt2_autotopo_lfrp_rc125k_re4p05k_rb4p7m_cin56n_c12_47n_cout4p7n_ch28p_r11k_c180p_ft175k","40.061208","17.335787","19839.793052","-7.411686","-3.04181","48.7262","-83.6902","7.415607","0.114332251122","0.021110357319","2.498357","0.2009","6.231155683342e-5","1.352336e+8","no new passive topology; pressures the three existing high-pass coupling poles around the run-8 operating point","0.83870837","0.44473422","0.74270527","0.95610296","0.03204139","0","1.47056197","0.11273778","0.02","4.61759196","rejected_score","valid under relaxed hard gates but lower ranked by transparent relaxed PPA score",""
"run_009","low_frequency_rolloff_pressure","Push the existing input, interstage, and output coupling poles upward around the run-8 operating point to test whether stronger low-frequency rolloff can improve assignment alignment without collapsing overall relaxed PPA.","bjt2_autotopo_lfrp_rc125k_re4p05k_rb4p7m_cin56n_c12_47n_cout6p8n_ch27p_r11k_c180p_ft175k","40.061544","16.333413","20115.639493","-6.661309","-2.96985","46.3737","-83.5328","6.665289","0.118673174023","0.02136204986","2.498318","0.200839","6.231154097215e-5","1.377954e+8","no new passive topology; pressures the three existing high-pass coupling poles around the run-8 operating point","0.87055213","0.45003665","0.75677478","0.95610272","0","0","1.22043637","0.13626273","0.02","4.41016538","rejected_score","valid under relaxed hard gates but lower ranked by transparent relaxed PPA score",""
"run_009","low_frequency_rolloff_pressure","Push the existing input, interstage, and output coupling poles upward around the run-8 operating point to test whether stronger low-frequency rolloff can improve assignment alignment without collapsing overall relaxed PPA.","bjt2_autotopo_lfrp_rc125k_re4p05k_rb4p7m_cin56n_c12_47n_cout6p8n_ch28p_r11k_c180p_ft175k","40.061317","16.33274","19839.405441","-6.661094","-3.04191","46.3737","-83.6902","6.665214","0.116949683936","0.021799340495","2.498318","0.200837","6.231154087461e-5","1.377978e+8","no new passive topology; pressures the three existing high-pass coupling poles around the run-8 operating point","0.8579091","0.4592491","0.75678819","0.95610272","0.03211891","0","1.22036457","0.13626285","0.02","4.43879544","rejected_score","valid under relaxed hard gates but lower ranked by transparent relaxed PPA score",""
"run_009","low_frequency_rolloff_pressure","Push the existing input, interstage, and output coupling poles upward around the run-8 operating point to test whether stronger low-frequency rolloff can improve assignment alignment without collapsing overall relaxed PPA.","bjt2_autotopo_lfrp_rc125k_re4p05k_rb4p7m_cin56n_c12_47n_cout10n_ch27p_r11k_c180p_ft175k","40.061599","15.782639","20115.448982","-6.238451","-2.969899","43.6719","-83.5328","6.242535","0.121351668458","0.021858362931","2.498217","0.200913","6.231150008399e-5","1.417028e+8","no new passive topology; pressures the three existing high-pass coupling poles around the run-8 operating point","0.89020079","0.46049254","0.77823447","0.95610209","0","0","1.07948357","0.16328146","0.02","4.34779492","rejected_score","valid under relaxed hard gates but lower ranked by transparent relaxed PPA score",""
"run_009","low_frequency_rolloff_pressure","Push the existing input, interstage, and output coupling poles upward around the run-8 operating point to test whether stronger low-frequency rolloff can improve assignment alignment without collapsing overall relaxed PPA.","bjt2_autotopo_lfrp_rc125k_re4p05k_rb4p7m_cin56n_c12_47n_cout10n_ch28p_r11k_c180p_ft175k","40.061372","15.782001","19839.213689","-6.238235","-3.041959","43.6718","-83.6902","6.242461","0.119666760805","0.022296546221","2.498217","0.20091","6.23114999836e-5","1.417052e+8","no new passive topology; pressures the three existing high-pass coupling poles around the run-8 operating point","0.8778408","0.46972379","0.77824788","0.95610209","0.03215726","0","1.0794118","0.16328157","0.02","4.37676519","rejected_score","valid under relaxed hard gates but lower ranked by transparent relaxed PPA score",""
"run_009","low_frequency_rolloff_pressure","Push the existing input, interstage, and output coupling poles upward around the run-8 operating point to test whether stronger low-frequency rolloff can improve assignment alignment without collapsing overall relaxed PPA.","bjt2_autotopo_lfrp_rc125k_re4p05k_rb4p7m_cin56n_c12_56n_cout4p7n_ch27p_r11k_c180p_ft175k","40.061619","16.44228","20115.622351","-6.815433","-2.969854","47.8244","-83.5329","6.819412","0.117357302395","0.02115254953","2.49837","0.200909","6.231243413654e-5","1.462208e+8","no new passive topology; pressures the three existing high-pass coupling poles around the run-8 operating point","0.86089928","0.44562309","0.80304724","0.95611643","0","0","1.27181107","0.12175564","0.02","4.47925273","rejected_score","valid under relaxed hard gates but lower ranked by transparent relaxed PPA score",""
"run_009","low_frequency_rolloff_pressure","Push the existing input, interstage, and output coupling poles upward around the run-8 operating point to test whether stronger low-frequency rolloff can improve assignment alignment without collapsing overall relaxed PPA.","bjt2_autotopo_lfrp_rc125k_re4p05k_rb4p7m_cin56n_c12_56n_cout4p7n_ch28p_r11k_c180p_ft175k","40.061395","16.441621","19839.387037","-6.81522","-3.041915","47.8244","-83.6902","6.819339","0.115614196637","0.021589337031","2.49837","0.200908","6.23124340339e-5","1.462232e+8","no new passive topology; pressures the three existing high-pass coupling poles around the run-8 operating point","0.84811236","0.45482494","0.80306066","0.95611642","0.03212259","0","1.27174007","0.12175574","0.02","4.50773278","rejected_score","valid under relaxed hard gates but lower ranked by transparent relaxed PPA score",""
"run_009","low_frequency_rolloff_pressure","Push the existing input, interstage, and output coupling poles upward around the run-8 operating point to test whether stronger low-frequency rolloff can improve assignment alignment without collapsing overall relaxed PPA.","bjt2_autotopo_lfrp_rc125k_re4p05k_rb4p7m_cin56n_c12_56n_cout6p8n_ch27p_r11k_c180p_ft175k","40.061727","15.38768","20115.237101","-6.064843","-2.969954","45.4719","-83.5329","6.069035","0.12013224361","0.021840831858","2.498328","0.200868","6.231241784037e-5","1.48785e+8","no new passive topology; pressures the three existing high-pass coupling poles around the run-8 operating point","0.88125544","0.46012321","0.81713017","0.95611618","0","0","1.0216143","0.14528072","0.02","4.30152002","rejected_score","valid under relaxed hard gates but lower ranked by transparent relaxed PPA score",""
"run_009","low_frequency_rolloff_pressure","Push the existing input, interstage, and output coupling poles upward around the run-8 operating point to test whether stronger low-frequency rolloff can improve assignment alignment without collapsing overall relaxed PPA.","bjt2_autotopo_lfrp_rc125k_re4p05k_rb4p7m_cin56n_c12_56n_cout6p8n_ch28p_r11k_c180p_ft175k","40.061503","15.38707","19838.999437","-6.06463","-3.042015","45.4719","-83.6902","6.068966","0.11842998689","0.022278976515","2.498328","0.200866","6.231241775582e-5","1.487875e+8","no new passive topology; pressures the three existing high-pass coupling poles around the run-8 operating point","0.86876818","0.46935365","0.81714358","0.95611617","0.03220011","0","1.02154333","0.14528083","0.02","4.33040586","rejected_score","valid under relaxed hard gates but lower ranked by transparent relaxed PPA score",""
"run_009","low_frequency_rolloff_pressure","Push the existing input, interstage, and output coupling poles upward around the run-8 operating point to test whether stronger low-frequency rolloff can improve assignment alignment without collapsing overall relaxed PPA.","bjt2_autotopo_lfrp_rc125k_re4p05k_rb4p7m_cin56n_c12_56n_cout10n_ch27p_r11k_c180p_ft175k","40.061782","14.803441","20115.046703","-5.641986","-2.970004","42.7701","-83.5329","5.64629","0.122968068121","0.022336774404","2.498221","0.200953","6.231237511439e-5","1.526925e+8","no new passive topology; pressures the three existing high-pass coupling poles around the run-8 operating point","0.90205823","0.47057128","0.83858986","0.95611552","0","0","0.88066187","0.17229946","0.02","4.24029623","rejected_score","valid under relaxed hard gates but lower ranked by transparent relaxed PPA score",""
"run_009","low_frequency_rolloff_pressure","Push the existing input, interstage, and output coupling poles upward around the run-8 operating point to test whether stronger low-frequency rolloff can improve assignment alignment without collapsing overall relaxed PPA.","bjt2_autotopo_lfrp_rc125k_re4p05k_rb4p7m_cin56n_c12_56n_cout10n_ch28p_r11k_c180p_ft175k","40.061559","14.802836","19838.807689","-5.641773","-3.042065","42.77","-83.6902","5.646223","0.121305611922","0.022775781395","2.498221","0.20095","6.23123750247e-5","1.526949e+8","no new passive topology; pressures the three existing high-pass coupling poles around the run-8 operating point","0.88986293","0.47981989","0.83860327","0.95611552","0.03223846","0","0.88059097","0.17229957","0.02","4.26953062","rejected_score","valid under relaxed hard gates but lower ranked by transparent relaxed PPA score",""
"run_009","low_frequency_rolloff_pressure","Push the existing input, interstage, and output coupling poles upward around the run-8 operating point to test whether stronger low-frequency rolloff can improve assignment alignment without collapsing overall relaxed PPA.","bjt2_autotopo_lfrp_rc125k_re4p05k_rb4p7m_cin56n_c12_68n_cout4p7n_ch27p_r11k_c180p_ft175k","40.061772","15.683348","20115.31046","-6.295189","-2.969935","46.6956","-83.5329","6.299329","0.118838065747","0.021594589339","2.498385","0.200911","6.231392791856e-5","1.608736e+8","no new passive topology; pressures the three existing high-pass coupling poles around the run-8 operating point","0.87176173","0.45493559","0.8835211","0.95613935","0","0","1.0983962","0.13304353","0.02","4.41779749","rejected_score","valid under relaxed hard gates but lower ranked by transparent relaxed PPA score",""
"run_009","low_frequency_rolloff_pressure","Push the existing input, interstage, and output coupling poles upward around the run-8 operating point to test whether stronger low-frequency rolloff can improve assignment alignment without collapsing overall relaxed PPA.","bjt2_autotopo_lfrp_rc125k_re4p05k_rb4p7m_cin56n_c12_68n_cout4p7n_ch28p_r11k_c180p_ft175k","40.061551","15.682728","19839.071496","-6.294978","-3.041996","46.6956","-83.6902","6.29926","0.117116998926","0.022032171515","2.498385","0.200909","6.231392782707e-5","1.608761e+8","no new passive topology; pressures the three existing high-pass coupling poles around the run-8 operating point","0.85913648","0.46415418","0.88353451","0.95613935","0.0321857","0","1.0983259","0.13304363","0.02","4.44651974","rejected_score","valid under relaxed hard gates but lower ranked by transparent relaxed PPA score",""
"run_009","low_frequency_rolloff_pressure","Push the existing input, interstage, and output coupling poles upward around the run-8 operating point to test whether stronger low-frequency rolloff can improve assignment alignment without collapsing overall relaxed PPA.","bjt2_autotopo_lfrp_rc125k_re4p05k_rb4p7m_cin56n_c12_68n_cout6p8n_ch27p_r11k_c180p_ft175k","40.061881","14.577676","20114.925217","-5.5446","-2.970035","44.3431","-83.5329","5.548968","0.121811026027","0.02228346232","2.498331","0.200909","6.231391040526e-5","1.634379e+8","no new passive topology; pressures the three existing high-pass coupling poles around the run-8 operating point","0.89357051","0.46944815","0.89760402","0.95613908","0","0","0.8482","0.15656864","0.02","4.24153039","rejected_score","valid under relaxed hard gates but lower ranked by transparent relaxed PPA score",""
"run_009","low_frequency_rolloff_pressure","Push the existing input, interstage, and output coupling poles upward around the run-8 operating point to test whether stronger low-frequency rolloff can improve assignment alignment without collapsing overall relaxed PPA.","bjt2_autotopo_lfrp_rc125k_re4p05k_rb4p7m_cin56n_c12_68n_cout6p8n_ch28p_r11k_c180p_ft175k","40.06166","14.577074","19838.683826","-5.544389","-3.042097","44.3431","-83.6903","5.548902","0.120132557743","0.022722336179","2.498331","0.200907","6.231391031052e-5","1.634403e+8","no new passive topology; pressures the three existing high-pass coupling poles around the run-8 operating point","0.88125775","0.47869395","0.89761743","0.95613908","0.03226323","0","0.84812977","0.15656873","0.02","4.27066995","rejected_score","valid under relaxed hard gates but lower ranked by transparent relaxed PPA score",""
"run_009","low_frequency_rolloff_pressure","Push the existing input, interstage, and output coupling poles upward around the run-8 operating point to test whether stronger low-frequency rolloff can improve assignment alignment without collapsing overall relaxed PPA.","bjt2_autotopo_lfrp_rc125k_re4p05k_rb4p7m_cin56n_c12_68n_cout10n_ch27p_r11k_c180p_ft175k","40.061936","13.956546","20114.734822","-5.121744","-2.970085","41.6413","-83.5329","5.126231","0.12480618861","0.022779384668","2.498219","0.20101","6.231386474987e-5","1.673453e+8","no new passive topology; pressures the three existing high-pass coupling poles around the run-8 operating point","0.91554215","0.4798958","0.91906372","0.95613838","0","0","0.70724783","0.18358739","0.02","4.18147527","rejected_score","valid under relaxed hard gates but lower ranked by transparent relaxed PPA score",""
"run_009","low_frequency_rolloff_pressure","Push the existing input, interstage, and output coupling poles upward around the run-8 operating point to test whether stronger low-frequency rolloff can improve assignment alignment without collapsing overall relaxed PPA.","bjt2_autotopo_lfrp_rc125k_re4p05k_rb4p7m_cin56n_c12_68n_cout10n_ch28p_r11k_c180p_ft175k","40.061715","13.955971","19838.492081","-5.121533","-3.042146","41.6413","-83.6903","5.126169","0.123168542861","0.023219090807","2.498219","0.201007","6.231386466273e-5","1.673478e+8","no new passive topology; pressures the three existing high-pass coupling poles around the run-8 operating point","0.90352886","0.48915914","0.91907713","0.95613838","0.03230158","0","0.70717767","0.18358749","0.02","4.21097024","rejected_score","valid under relaxed hard gates but lower ranked by transparent relaxed PPA score",""
"run_009","low_frequency_rolloff_pressure","Push the existing input, interstage, and output coupling poles upward around the run-8 operating point to test whether stronger low-frequency rolloff can improve assignment alignment without collapsing overall relaxed PPA.","bjt2_autotopo_lfrp_rc125k_re4p05k_rb4p7m_cin68n_c12_33n_cout4p7n_ch27p_r11k_c180p_ft175k","40.061036","18.670497","20116.772653","-8.185284","-2.969556","49.3267","-83.5328","8.188748","0.115034272781","0.020063746988","2.498327","0.200877","6.231073825827e-5","1.32789e+8","no new passive topology; pressures the three existing high-pass coupling poles around the run-8 operating point","0.8438582","0.42268516","0.72927954","0.9560904","0","0","1.72842797","0.10673347","0.02","4.80707476","rejected_score","valid under relaxed hard gates but lower ranked by transparent relaxed PPA score",""
"run_009","low_frequency_rolloff_pressure","Push the existing input, interstage, and output coupling poles upward around the run-8 operating point to test whether stronger low-frequency rolloff can improve assignment alignment without collapsing overall relaxed PPA.","bjt2_autotopo_lfrp_rc125k_re4p05k_rb4p7m_cin68n_c12_33n_cout4p7n_ch28p_r11k_c180p_ft175k","40.0608","18.66974","19840.55006","-8.18506","-3.041613","49.3266","-83.6901","8.188653","0.113255425967","0.020498317951","2.498327","0.200868","6.231073810419e-5","1.327914e+8","no new passive topology; pressures the three existing high-pass coupling poles around the run-8 operating point","0.83080909","0.43184032","0.72929296","0.9560904","0.03188999","0","1.7283533","0.10673358","0.02","4.83500965","rejected_score","valid under relaxed hard gates but lower ranked by transparent relaxed PPA score",""
"run_009","low_frequency_rolloff_pressure","Push the existing input, interstage, and output coupling poles upward around the run-8 operating point to test whether stronger low-frequency rolloff can improve assignment alignment without collapsing overall relaxed PPA.","bjt2_autotopo_lfrp_rc125k_re4p05k_rb4p7m_cin68n_c12_33n_cout6p8n_ch27p_r11k_c180p_ft175k","40.061144","17.719555","20116.387486","-7.434686","-2.969656","46.9742","-83.5328","7.438324","0.117412683607","0.020750804603","2.498284","0.20081","6.231072108379e-5","1.353532e+8","no new passive topology; pressures the three existing high-pass coupling poles around the run-8 operating point","0.86130554","0.43715948","0.74336247","0.95609014","0","0","1.47822877","0.13025848","0.02","4.62640488","rejected_score","valid under relaxed hard gates but lower ranked by transparent relaxed PPA score",""
"run_009","low_frequency_rolloff_pressure","Push the existing input, interstage, and output coupling poles upward around the run-8 operating point to test whether stronger low-frequency rolloff can improve assignment alignment without collapsing overall relaxed PPA.","bjt2_autotopo_lfrp_rc125k_re4p05k_rb4p7m_cin68n_c12_33n_cout6p8n_ch28p_r11k_c180p_ft175k","40.060909","17.718827","19840.162431","-7.434463","-3.041714","46.9741","-83.6901","7.438234","0.115670418348","0.021186897604","2.498284","0.200807","6.231072093021e-5","1.353557e+8","no new passive topology; pressures the three existing high-pass coupling poles around the run-8 operating point","0.84852478","0.4463467","0.74337588","0.95609014","0.03196751","0","1.4781542","0.13025859","0.02","4.65471781","rejected_score","valid under relaxed hard gates but lower ranked by transparent relaxed PPA score",""
"run_009","low_frequency_rolloff_pressure","Push the existing input, interstage, and output coupling poles upward around the run-8 operating point to test whether stronger low-frequency rolloff can improve assignment alignment without collapsing overall relaxed PPA.","bjt2_autotopo_lfrp_rc125k_re4p05k_rb4p7m_cin68n_c12_33n_cout10n_ch27p_r11k_c180p_ft175k","40.061199","17.203558","20116.197075","-7.011825","-2.969705","44.2723","-83.5328","7.015551","0.119932172561","0.021248971221","2.498197","0.200876","6.23106815256e-5","1.392607e+8","no new passive topology; pressures the three existing high-pass coupling poles around the run-8 operating point","0.87978778","0.44765441","0.76482216","0.95608953","0","0","1.33727483","0.15727717","0.02","4.56290589","rejected_score","valid under relaxed hard gates but lower ranked by transparent relaxed PPA score",""
"run_009","low_frequency_rolloff_pressure","Push the existing input, interstage, and output coupling poles upward around the run-8 operating point to test whether stronger low-frequency rolloff can improve assignment alignment without collapsing overall relaxed PPA.","bjt2_autotopo_lfrp_rc125k_re4p05k_rb4p7m_cin68n_c12_33n_cout10n_ch28p_r11k_c180p_ft175k","40.060964","17.202841","19839.970746","-7.011601","-3.041763","44.2723","-83.6901","7.015461","0.118227041321","0.021685971267","2.498197","0.200874","6.231068137056e-5","1.392631e+8","no new passive topology; pressures the three existing high-pass coupling poles around the run-8 operating point","0.86727943","0.45686074","0.76483558","0.95608953","0.03200585","0","1.33720027","0.15727728","0.02","4.59154867","rejected_score","valid under relaxed hard gates but lower ranked by transparent relaxed PPA score",""
"run_009","low_frequency_rolloff_pressure","Push the existing input, interstage, and output coupling poles upward around the run-8 operating point to test whether stronger low-frequency rolloff can improve assignment alignment without collapsing overall relaxed PPA.","bjt2_autotopo_lfrp_rc125k_re4p05k_rb4p7m_cin68n_c12_47n_cout4p7n_ch27p_r11k_c180p_ft175k","40.061602","15.970478","20115.394195","-6.582322","-2.969914","47.8869","-83.5328","6.586442","0.117528695826","0.021322132569","2.49836","0.200912","6.23115300514e-5","1.49884e+8","no new passive topology; pressures the three existing high-pass coupling poles around the run-8 operating point","0.86215657","0.44919571","0.82316571","0.95610255","0","0","1.1941074","0.12113117","0.02","4.42585911","rejected_score","valid under relaxed hard gates but lower ranked by transparent relaxed PPA score",""
"run_009","low_frequency_rolloff_pressure","Push the existing input, interstage, and output coupling poles upward around the run-8 operating point to test whether stronger low-frequency rolloff can improve assignment alignment without collapsing overall relaxed PPA.","bjt2_autotopo_lfrp_rc125k_re4p05k_rb4p7m_cin68n_c12_47n_cout4p7n_ch28p_r11k_c180p_ft175k","40.061375","15.969839","19839.159103","-6.582107","-3.041974","47.8869","-83.6902","6.586368","0.115788171658","0.02175926947","2.49836","0.20091","6.231152994016e-5","1.498864e+8","no new passive topology; pressures the three existing high-pass coupling poles around the run-8 operating point","0.84938859","0.45840492","0.82317912","0.95610255","0.03216818","0","1.19403553","0.12113128","0.02","4.45441017","rejected_score","valid under relaxed hard gates but lower ranked by transparent relaxed PPA score",""
"run_009","low_frequency_rolloff_pressure","Push the existing input, interstage, and output coupling poles upward around the run-8 operating point to test whether stronger low-frequency rolloff can improve assignment alignment without collapsing overall relaxed PPA.","bjt2_autotopo_lfrp_rc125k_re4p05k_rb4p7m_cin68n_c12_47n_cout6p8n_ch27p_r11k_c180p_ft175k","40.06171","14.904974","20115.008949","-5.83173","-2.970014","45.5344","-83.5328","5.836075","0.120335733745","0.022011462844","2.498321","0.200852","6.231151381782e-5","1.524482e+8","no new passive topology; pressures the three existing high-pass coupling poles around the run-8 operating point","0.88274819","0.46371791","0.83724863","0.9561023","0","0","0.94390993","0.14465623","0.02","4.2483832","rejected_score","valid under relaxed hard gates but lower ranked by transparent relaxed PPA score",""
"run_009","low_frequency_rolloff_pressure","Push the existing input, interstage, and output coupling poles upward around the run-8 operating point to test whether stronger low-frequency rolloff can improve assignment alignment without collapsing overall relaxed PPA.","bjt2_autotopo_lfrp_rc125k_re4p05k_rb4p7m_cin68n_c12_47n_cout6p8n_ch28p_r11k_c180p_ft175k","40.061483","14.904383","19838.771815","-5.831514","-3.042074","45.5344","-83.6902","5.836005","0.118636398215","0.02244991196","2.498321","0.20085","6.231151371293e-5","1.524507e+8","no new passive topology; pressures the three existing high-pass coupling poles around the run-8 operating point","0.87028235","0.47295476","0.83726204","0.9561023","0.03224564","0","0.9438381","0.14465634","0.02","4.27734154","rejected_score","valid under relaxed hard gates but lower ranked by transparent relaxed PPA score",""
"run_009","low_frequency_rolloff_pressure","Push the existing input, interstage, and output coupling poles upward around the run-8 operating point to test whether stronger low-frequency rolloff can improve assignment alignment without collapsing overall relaxed PPA.","bjt2_autotopo_lfrp_rc125k_re4p05k_rb4p7m_cin68n_c12_47n_cout10n_ch27p_r11k_c180p_ft175k","40.061765","14.311311","20114.818553","-5.408871","-2.970063","42.8325","-83.5328","5.413334","0.123195636438","0.022508687149","2.498216","0.200927","6.231147239446e-5","1.563557e+8","no new passive topology; pressures the three existing high-pass coupling poles around the run-8 operating point","0.90372761","0.47419299","0.85870833","0.95610167","0","0","0.8029571","0.17167496","0.02","4.18736265","rejected_score","valid under relaxed hard gates but lower ranked by transparent relaxed PPA score",""
"run_009","low_frequency_rolloff_pressure","Push the existing input, interstage, and output coupling poles upward around the run-8 operating point to test whether stronger low-frequency rolloff can improve assignment alignment without collapsing overall relaxed PPA.","bjt2_autotopo_lfrp_rc125k_re4p05k_rb4p7m_cin68n_c12_47n_cout10n_ch28p_r11k_c180p_ft175k","40.061539","14.310725","19838.580146","-5.408656","-3.042123","42.8325","-83.6902","5.413268","0.121536294452","0.022947961828","2.498216","0.200925","6.231147229572e-5","1.563581e+8","no new passive topology; pressures the three existing high-pass coupling poles around the run-8 operating point","0.89155515","0.48344724","0.85872174","0.95610167","0.03228397","0","0.8028853","0.17167507","0.02","4.21667013","rejected_score","valid under relaxed hard gates but lower ranked by transparent relaxed PPA score",""
"run_009","low_frequency_rolloff_pressure","Push the existing input, interstage, and output coupling poles upward around the run-8 operating point to test whether stronger low-frequency rolloff can improve assignment alignment without collapsing overall relaxed PPA.","bjt2_autotopo_lfrp_rc125k_re4p05k_rb4p7m_cin68n_c12_56n_cout4p7n_ch27p_r11k_c180p_ft175k","40.061785","15.035625","20114.991808","-5.985888","-2.970018","46.9851","-83.5329","5.990232","0.118920015869","0.021801606026","2.498374","0.200919","6.231245053775e-5","1.608736e+8","no new passive topology; pressures the three existing high-pass coupling poles around the run-8 operating point","0.87236289","0.45929683","0.8835211","0.95611668","0","0","0.99529603","0.1301495","0.02","4.31674302","rejected_score","valid under relaxed hard gates but lower ranked by transparent relaxed PPA score",""
"run_009","low_frequency_rolloff_pressure","Push the existing input, interstage, and output coupling poles upward around the run-8 operating point to test whether stronger low-frequency rolloff can improve assignment alignment without collapsing overall relaxed PPA.","bjt2_autotopo_lfrp_rc125k_re4p05k_rb4p7m_cin68n_c12_56n_cout4p7n_ch28p_r11k_c180p_ft175k","40.061561","15.035025","19838.753413","-5.985675","-3.042079","46.985","-83.6902","5.990164","0.117200153732","0.022239589654","2.498374","0.200917","6.23124504535e-5","1.608761e+8","no new passive topology; pressures the three existing high-pass coupling poles around the run-8 operating point","0.85974648","0.46852388","0.88353451","0.95611668","0.03224932","0","0.99522503","0.1301496","0.02","4.3455455","rejected_score","valid under relaxed hard gates but lower ranked by transparent relaxed PPA score",""
"run_009","low_frequency_rolloff_pressure","Push the existing input, interstage, and output coupling poles upward around the run-8 operating point to test whether stronger low-frequency rolloff can improve assignment alignment without collapsing overall relaxed PPA.","bjt2_autotopo_lfrp_rc125k_re4p05k_rb4p7m_cin68n_c12_56n_cout6p8n_ch27p_r11k_c180p_ft175k","40.061894","13.919467","20114.606679","-5.235298","-2.970118","44.6325","-83.5329","5.239887","0.121915211857","0.022491561064","2.49833","0.200885","6.231243386206e-5","1.634379e+8","no new passive topology; pressures the three existing high-pass coupling poles around the run-8 operating point","0.89433478","0.47383219","0.89760402","0.95611642","0","0","0.74509927","0.15367458","0.02","4.14066126","rejected_score","valid under relaxed hard gates but lower ranked by transparent relaxed PPA score",""
"run_009","low_frequency_rolloff_pressure","Push the existing input, interstage, and output coupling poles upward around the run-8 operating point to test whether stronger low-frequency rolloff can improve assignment alignment without collapsing overall relaxed PPA.","bjt2_autotopo_lfrp_rc125k_re4p05k_rb4p7m_cin68n_c12_56n_cout6p8n_ch28p_r11k_c180p_ft175k","40.06167","13.918911","19838.365825","-5.235085","-3.042179","44.6325","-83.6902","5.239824","0.120238199189","0.022930790384","2.49833","0.200882","6.231243376832e-5","1.634403e+8","no new passive topology; pressures the three existing high-pass coupling poles around the run-8 operating point","0.8820327","0.48308548","0.89761743","0.95611642","0.03232683","0","0.7450283","0.15367469","0.02","4.16988186","rejected_score","valid under relaxed hard gates but lower ranked by transparent relaxed PPA score",""
"run_009","low_frequency_rolloff_pressure","Push the existing input, interstage, and output coupling poles upward around the run-8 operating point to test whether stronger low-frequency rolloff can improve assignment alignment without collapsing overall relaxed PPA.","bjt2_autotopo_lfrp_rc125k_re4p05k_rb4p7m_cin68n_c12_56n_cout10n_ch27p_r11k_c180p_ft175k","40.061949","13.285846","20114.416287","-4.812441","-2.970168","41.9307","-83.5329","4.817162","0.124925095235","0.022988416916","2.49822","0.20097","6.23123904684e-5","1.673453e+8","no new passive topology; pressures the three existing high-pass coupling poles around the run-8 operating point","0.91641442","0.48429951","0.91906372","0.95611576","0","0","0.60414683","0.18069332","0.02","4.08073355","rejected_score","valid under relaxed hard gates but lower ranked by transparent relaxed PPA score",""
"run_009","low_frequency_rolloff_pressure","Push the existing input, interstage, and output coupling poles upward around the run-8 operating point to test whether stronger low-frequency rolloff can improve assignment alignment without collapsing overall relaxed PPA.","bjt2_autotopo_lfrp_rc125k_re4p05k_rb4p7m_cin68n_c12_56n_cout10n_ch28p_r11k_c180p_ft175k","40.061725","13.285314","19838.174084","-4.812228","-3.042228","41.9307","-83.6902","4.817101","0.123289030148","0.023428443664","2.49822","0.200967","6.231239037061e-5","1.673478e+8","no new passive topology; pressures the three existing high-pass coupling poles around the run-8 operating point","0.90441272","0.4935696","0.91907713","0.95611575","0.03236518","0","0.60407593","0.18069343","0.02","4.11030974","rejected_score","valid under relaxed hard gates but lower ranked by transparent relaxed PPA score",""
"run_009","low_frequency_rolloff_pressure","Push the existing input, interstage, and output coupling poles upward around the run-8 operating point to test whether stronger low-frequency rolloff can improve assignment alignment without collapsing overall relaxed PPA.","bjt2_autotopo_lfrp_rc125k_re4p05k_rb4p7m_cin68n_c12_68n_cout4p7n_ch27p_r11k_c180p_ft175k","40.061939","14.237745","20114.679543","-5.465677","-2.970099","45.8562","-83.5329","5.470207","0.120528973151","0.022244849992","2.498388","0.20092","6.231400078612e-5","1.755265e+8","no new passive topology; pressures the three existing high-pass coupling poles around the run-8 operating point","0.88416574","0.4686347","0.96399495","0.95614046","0","0","0.8218925","0.14143775","0.02","4.2562661","rejected_score","valid under relaxed hard gates but lower ranked by transparent relaxed PPA score",""
"run_009","low_frequency_rolloff_pressure","Push the existing input, interstage, and output coupling poles upward around the run-8 operating point to test whether stronger low-frequency rolloff can improve assignment alignment without collapsing overall relaxed PPA.","bjt2_autotopo_lfrp_rc125k_re4p05k_rb4p7m_cin68n_c12_68n_cout4p7n_ch28p_r11k_c180p_ft175k","40.061718","14.237179","19838.437883","-5.465467","-3.04216","45.8562","-83.6902","5.470145","0.118832397791","0.022683557458","2.498388","0.200917","6.231400070568e-5","1.75529e+8","no new passive topology; pressures the three existing high-pass coupling poles around the run-8 operating point","0.87172015","0.477877","0.96400836","0.95614046","0.03231242","0","0.82182217","0.14143785","0.02","4.28531841","rejected_score","valid under relaxed hard gates but lower ranked by transparent relaxed PPA score",""
"run_009","low_frequency_rolloff_pressure","Push the existing input, interstage, and output coupling poles upward around the run-8 operating point to test whether stronger low-frequency rolloff can improve assignment alignment without collapsing overall relaxed PPA.","bjt2_autotopo_lfrp_rc125k_re4p05k_rb4p7m_cin68n_c12_68n_cout6p8n_ch27p_r11k_c180p_ft175k","40.062047","13.066644","20114.294806","-4.715089","-2.970199","43.5037","-83.5329","4.719884","0.123713388506","0.022935311069","2.498331","0.200928","6.231398271473e-5","1.780908e+8","no new passive topology; pressures the three existing high-pass coupling poles around the run-8 operating point","0.90752569","0.48318072","0.97807787","0.95614019","0","0","0.57169627","0.16496285","0.02","4.08158359","rejected_score","valid under relaxed hard gates but lower ranked by transparent relaxed PPA score",""
"run_009","low_frequency_rolloff_pressure","Push the existing input, interstage, and output coupling poles upward around the run-8 operating point to test whether stronger low-frequency rolloff can improve assignment alignment without collapsing overall relaxed PPA.","bjt2_autotopo_lfrp_rc125k_re4p05k_rb4p7m_cin68n_c12_68n_cout6p8n_ch28p_r11k_c180p_ft175k","40.061826","13.066118","19838.050226","-4.714878","-3.042261","43.5037","-83.6903","4.719826","0.122061081792","0.023375211153","2.498331","0.200925","6.231398262954e-5","1.780932e+8","no new passive topology; pressures the three existing high-pass coupling poles around the run-8 operating point","0.89540484","0.49244814","0.97809129","0.95614019","0.03238995","0","0.57162603","0.16496295","0.02","4.1110634","rejected_score","valid under relaxed hard gates but lower ranked by transparent relaxed PPA score",""
"run_009","low_frequency_rolloff_pressure","Push the existing input, interstage, and output coupling poles upward around the run-8 operating point to test whether stronger low-frequency rolloff can improve assignment alignment without collapsing overall relaxed PPA.","bjt2_autotopo_lfrp_rc125k_re4p05k_rb4p7m_cin68n_c12_68n_cout10n_ch28p_r11k_c180p_ft175k","40.061882","12.393996","19837.858488","-4.292022","-3.04231","40.8018","-83.6903","4.297115","0.125264267787","0.023872855178","2.498217","0.201026","6.231393616533e-5","1.820006e+8","no new passive topology; pressures the three existing high-pass coupling poles around the run-8 operating point","0.91890249","0.50293206","0.99955098","0.95613947","0.0324283","0","0.4306739","0.1919817","0.02","4.05260891","keep_searching","meets relaxed hard gates but does not improve the current autotopo/reference score",""
